bidding,ESS,GEN,WIND_STR,SW,PS,Avg_MP,ϵ1,confirmedNE,solver,ESSᴰ,GENᴰ,WIND_STRᴰ
PC-MOPEC,159.35939598717422,786.4243541221886,318.0887500122627,14102.872500018566,1263.8725001216255,41.26562500267453,1.0,false,KNITRO,247.60609946498022,580.8501724384075,232.22853185595568
PC-MOPEC,147.6253595021948,797.9680758805861,318.0540619348619,14102.872499768278,1263.6474973176428,41.26171870375719,1.5,false,KNITRO,235.1124872871164,588.8356074885827,232.22853183508633
PC-MOPEC,146.17943122873064,799.6043188231592,318.0887500322216,14102.872499999154,1263.8725000841114,41.26562500126937,2.0,false,KNITRO,224.322276031118,564.6683186488134,237.84999999999621
PC-MOPEC,171.4670395708272,774.5070149504159,318.1234353915269,14102.872499367195,1264.09748991277,41.26953107253941,2.5,false,KNITRO,242.7237232463869,566.8379536994138,242.5
PC-MOPEC,147.7177945783671,797.875643046681,318.0540625555226,14102.872500015268,1263.6475001805707,41.2617187528139,3.0,false,KNITRO,241.92997642047038,588.7208252447319,232.22853185595505
PC-MOPEC,142.87658565540653,802.8120082079461,318.07140629996786,14102.87250000793,1263.7600001633205,41.263671877589125,3.5,false,KNITRO,239.78962502228134,590.9010561661639,232.22853185595505
PC-MOPEC,151.4561667312292,794.32758334037,318.08875003917825,14102.872500005222,1263.8725001107773,41.26562500166822,4.0,false,KNITRO,244.1705236323416,585.6177934517643,232.22853185595505
PC-MOPEC,132.37867881320923,813.500214691467,318.1060902718895,14102.872498650073,1263.9849837765657,41.267577847470385,4.5,false,KNITRO,238.42251675299423,597.6901455290567,232.22853185595503
PC-MOPEC,145.21214425372273,800.7619182364724,318.1234375166918,14102.872500001165,1264.097500006887,41.269531249873694,5.0,false,KNITRO,240.2648859742593,587.4365081686265,232.2285318559551
PC-MOPEC,144.84386341130596,800.7019960750437,318.04539067556334,14102.872500008614,1263.591250161913,41.260742190071014,5.5,false,KNITRO,234.36907044860195,591.1935600747848,232.22853182938857
PC-MOPEC,156.7269613380919,788.8664668195854,318.0540598907,14102.872498862947,1263.6474880483772,41.26171854804868,6.0,false,KNITRO,227.4091572193392,587.5945446693213,254.49999999999346
PC-MOPEC,147.93579490723602,797.7527697866949,318.0713979688213,14102.872496322263,1263.759962662752,41.26367124339726,7.0,false,KNITRO,237.6027676918245,589.132011863049,232.22853160470396
PC-MOPEC,170.02850980674526,775.7076621780741,318.0800781763403,14102.872500009524,1263.8162501611596,41.26464844004718,7.5,false,KNITRO,249.82525609347022,579.3797990216739,242.5
PC-MOPEC,141.818270581335,803.9654793661757,318.08875000213084,14102.8725000356,1263.8724999496417,41.26562499788531,8.0,false,KNITRO,234.55563142085543,593.0686150209626,232.22853185595534
PC-MOPEC,153.10439833203918,792.7268829841461,318.0974096798659,14102.87249691256,1263.928690996051,41.266600518919724,8.5,false,KNITRO,234.38828453206264,585.7720417603122,232.22853168603797
PC-MOPEC,135.8977546546442,809.981151734286,318.1060938084334,14102.872500012072,1263.9850001973634,41.26757812817001,9.0,false,KNITRO,238.89697337425292,596.0203679953931,232.2285318559551
PC-MOPEC,140.86677862346428,805.0597059692335,318.11476569465947,14102.872499999994,1264.0412502873573,41.26855469237434,9.5,false,KNITRO,242.25749242646776,593.4288319713348,232.228531855955
PC-MOPEC,185.1289219869297,707.445098333674,334.1234252769882,14042.872495421034,1226.697445597592,43.769530302245755,10.0,false,KNITRO,251.14986195930408,561.7346812933347,242.5
PC-MOPEC,169.61483340461692,775.9072309557648,318.0410530044958,14102.872499058982,1263.5631173648776,41.26025377996316,10.5,false,KNITRO,238.17835115822905,581.6038597778803,260.8999999999987
PC-MOPEC,152.6698453456479,792.8760010553019,318.0453871306255,14102.872498183597,1263.5912335315752,41.26074191728175,11.0,false,KNITRO,235.5789473684221,580.7183470218814,205.51304431791505
PC-MOPEC,171.8231529193429,773.7464917270629,318.04972551147074,14102.872499526598,1263.6193701578766,41.26123038687937,11.5,false,KNITRO,218.67269326165749,574.3366676936984,254.49999999999847
PC-MOPEC,153.95149480395938,791.6419428209522,318.0540625557466,14102.872500012054,1263.6475001806582,41.26171875287825,12.0,false,KNITRO,217.24860540817212,585.3812099987399,254.4999999999984
PC-MOPEC,188.66643837794572,756.9507820288852,318.0583967074703,14102.872499240424,1263.6756171143013,41.262206898355714,12.5,false,KNITRO,248.10524117201481,560.3755167189237,254.49999999999898
PC-MOPEC,129.61487751897567,740.5760383556511,334.06270692858226,14020.822486373356,1204.253622803209,43.76269315418581,13.0,false,KNITRO,247.14976578706458,635.9291889502813,232.2284945423785
PC-MOPEC,161.4993277021218,784.1654710260123,318.067068643633,14102.872499269608,1263.731867371767,41.26318346453776,13.5,false,KNITRO,240.3462284211413,580.6699648693977,232.22853185595503
PC-MOPEC,162.78806641874112,782.9004575886156,318.07138635549376,14102.872491175503,1263.7599103628504,41.263670360567275,14.0,false,KNITRO,218.12372432926355,580.169178692863,254.49999999999966
PC-MOPEC,171.27773459041543,774.4346307886485,318.0757374367274,14102.872497987064,1263.7881028157913,41.264159782863565,14.5,false,KNITRO,228.92959707123288,574.8775470409696,242.5
PC-MOPEC,134.79354885563805,810.9426231514825,318.08007816998156,14102.87249999987,1263.8162501771021,41.26464844043583,15.0,false,KNITRO,239.57234449424084,597.4991759589277,232.22853185595568
PC-MOPEC,165.81965509386114,779.9402467144944,318.0843991470986,14102.872493351677,1263.8443009554542,41.26513545841323,15.5,false,KNITRO,226.82921871941858,582.637965171906,254.49999999999892
PC-MOPEC,145.58368914470725,800.2000470831268,318.08874617883794,14102.872498427885,1263.8724824066721,41.26562470061047,16.0,false,KNITRO,252.52856606042604,589.7947662325413,232.22853185595497
PC-MOPEC,147.5618803842512,798.2456572784713,318.09308557709517,14102.872499857902,1263.9006232398178,41.266113250836554,16.5,false,KNITRO,229.83340076460212,586.4821427533541,232.2285318491642
PC-MOPEC,163.60000340755994,782.2313244179669,318.0974218266085,14102.87249998545,1263.9287496521354,41.26660155621224,17.0,false,KNITRO,208.8472775918953,584.6049376130252,254.4999999999983
PC-MOPEC,163.14355578155556,782.711555038145,318.10175602644756,14102.872499183035,1263.956866846148,41.26708970622601,17.5,false,KNITRO,248.5768623296232,580.3997375479606,242.5
PC-MOPEC,145.9684451885779,799.9104498331592,318.10609072867027,14102.872498714927,1263.9849857504073,41.267577884484616,18.0,false,KNITRO,211.77296522313026,578.7305175549864,254.49999999999375
PC-MOPEC,188.7487199623555,757.1539745005978,318.1104295164182,14102.872499935416,1264.0131239793714,41.268066388123444,18.5,false,KNITRO,234.0135281558404,560.3749894438745,254.49999999999847
PC-MOPEC,155.77121802842083,790.1552664096645,318.1147656658393,14102.872500007888,1264.0412501039245,41.26855468903169,19.0,false,KNITRO,226.59053827630203,565.3420705474981,244.22853185591327
PC-MOPEC,179.2017331516289,766.7485403860567,318.1191015838549,14102.872500005871,1264.0693751215404,41.269042970895704,19.5,false,KNITRO,235.5789473684212,563.9465604292851,225.84999999999883
PC-MOPEC,163.41222072906874,782.5618417885637,318.1234375254146,14102.872499996636,1264.0975000430471,41.26953125056088,20.0,false,KNITRO,213.8299594289233,579.2891633537024,254.49999999999847
PC-MOPEC,201.04112280117096,694.5690555436455,274.63888721799844,13986.972500013238,1170.2490655628148,43.760009818529014,20.5,false,KNITRO,233.1460283099847,550.3374682275665,217.30706371184547
PC-MOPEC,169.89871632471045,775.6233539351679,318.04105469675886,14102.872499995441,1263.5631249566372,41.26025390532497,21.0,false,KNITRO,254.83075105980078,560.4647543100323,232.22853252174946
PC-MOPEC,163.48201115928748,782.0638491079677,318.0453908205039,14102.872500011832,1263.591251087759,41.26074220614616,22.0,false,KNITRO,217.57193959750765,608.839569211215,254.49999999999892
PC-MOPEC,177.96623606594315,767.5915180712102,318.0475586657825,14102.872500013564,1263.6053128029357,41.26098633321009,22.5,false,KNITRO,204.8682115063633,589.2006925227431,254.49999999999847
PC-MOPEC,180.87875077445796,764.6908968960855,318.0497263688013,14102.872499906673,1263.6193740393446,41.26123045226629,23.0,false,KNITRO,229.63683994319445,563.2843170940243,254.4999999999988
PC-MOPEC,161.31401618699456,784.2675240518674,318.0518937820642,14102.872500335463,1263.6334340209262,41.26147455493116,23.5,false,KNITRO,241.9194869272206,579.4255786706228,226.490338721573
PC-MOPEC,-2.424788247355296e-7,841.7802175720683,290.1787081353726,13970.599999352165,1131.958925464962,41.27575543999624,24.0,false,KNITRO,235.57894736841547,595.2500000340052,232.2285319609187
PC-MOPEC,155.15458784854192,790.450743581451,318.05623032592246,14102.87249993076,1263.6615617559155,41.261962877863965,24.5,false,KNITRO,251.88972583184733,571.9848465547548,232.22853185595568
PC-MOPEC,191.65859458105018,753.9705263205442,318.0605663703003,14102.872499967845,1263.6896872718949,41.26245116791251,25.5,false,KNITRO,240.77664080860274,553.003925262484,230.9286036999921
PC-MOPEC,181.91988916770862,763.7211210478449,318.06273285773227,14102.872499314946,1263.7037430732858,41.26269519539432,26.0,false,KNITRO,251.08052751910435,518.6515897604908,254.4999999999988
PC-MOPEC,183.7814836822523,761.8714494371025,318.06490572645606,14102.872498925437,1263.7178388458108,41.262939916610534,26.5,false,KNITRO,251.4983537444166,562.2064334554544,225.84999990258035
PC-MOPEC,174.34855524033466,771.3162495917769,318.06707037327595,14102.87250001317,1263.7318752053875,41.26318359705932,27.0,false,KNITRO,204.12649295658042,574.2365248089175,254.49999999999847
PC-MOPEC,206.21932389128668,739.4573754330693,318.06923831138045,14102.872499983927,1263.7459376357365,41.26342773658229,27.5,false,KNITRO,230.12889554686626,559.6005497132053,237.84999999999718
PC-MOPEC,141.9142450704458,803.8100300419585,318.077909686059,14102.872499078632,1263.8021847984633,41.2644042625618,29.5,false,KNITRO,241.47074306791512,593.280751663123,232.22853185595505
PC-MOPEC,188.49211088459865,757.2440608581513,318.08007810686337,14102.872499978352,1263.8162498496133,41.26464843481531,30.0,false,KNITRO,272.89814707241237,560.4533003143185,242.5
PC-MOPEC,165.01751225792938,780.7304148502274,318.0822079980056,14102.87248397656,1263.8301351061623,41.26488957296055,30.5,false,KNITRO,226.0445861776107,579.6333392147399,272.8999999999953
PC-MOPEC,173.31877872596834,772.4411816980511,318.0844139030121,14102.872499959876,1263.8443743270316,41.26513670764758,31.0,false,KNITRO,218.20298056182958,584.4028812286472,254.4999999999984
PC-MOPEC,224.07126891994437,790.2166792265398,230.9470728346504,14083.049042718189,1245.2350209811345,41.285399584923425,31.5,false,KNITRO,244.55547711834947,556.2500000000007,237.84999999999542
PC-MOPEC,170.9569118589574,774.8268306198801,318.088747890091,14102.872499055758,1263.8724903689285,41.265624837389055,32.0,false,KNITRO,210.2441781035855,594.416684286045,254.4999999999984
PC-MOPEC,126.54850042292551,819.2469789211679,318.09088750985427,14102.872499483692,1263.8863668539475,41.265865746892565,32.5,false,KNITRO,223.74844389264905,598.1894052362798,226.73866399072938
PC-MOPEC,179.01611593521602,766.7913500501901,318.0930652874198,14102.87249079556,1263.900531272826,41.266111703003794,33.0,false,KNITRO,228.32675095694628,570.0387300239306,225.84999756589158
PC-MOPEC,171.06124698649495,774.7581865990071,318.0952539253206,14102.872499996509,1263.9146875108227,41.26635742188548,33.5,false,KNITRO,222.6254544410399,581.8691779337637,254.4999999999984
PC-MOPEC,198.63504489131603,747.1962833952048,318.09742193684843,14102.87250001123,1263.9287502233692,41.26660156612668,34.0,false,KNITRO,222.20462915098312,556.6723309378348,237.84999999999738
PC-MOPEC,175.70201346316213,770.1412092415343,318.09958987675753,14102.872500000605,1263.942812581454,41.2668457043427,34.5,false,KNITRO,230.88872891789373,578.6026283053282,242.5
PC-MOPEC,148.51563416526074,797.3394273951203,318.1017447914042,14102.872498522438,1263.9568063517852,41.26708858102094,35.0,false,KNITRO,232.8117265293805,586.439573967739,242.4999869746256
PC-MOPEC,192.61383971561438,753.2531720641009,318.10392581594544,14102.872500001089,1263.9709375956609,41.267333985851835,35.5,false,KNITRO,246.76021251059407,558.9267992688311,254.49999999999892
PC-MOPEC,146.30479199748646,799.5741129970514,318.1060934228504,14102.872499842852,1263.9849984173882,41.26757809800015,36.0,false,KNITRO,234.11477666905566,577.5841089635959,242.5000000152462
PC-MOPEC,-500.6105762092637,0.0002604846409845373,4.670880392361232e-5,12247.443162636733,-500.61026901581874,51.89597443001657,36.5,false,KNITRO,234.68996526639438,549.7494685882245,244.24999999999886
PC-MOPEC,176.22959063333843,769.673078374137,318.1104222568611,14102.872496732976,1264.0130912643365,41.26806583622622,37.0,false,KNITRO,224.9689438369881,565.0527585873939,242.5
PC-MOPEC,185.4985602968518,760.4279242007253,318.1147656807726,14102.872500012374,1264.0412501783499,41.26855469033894,38.0,false,KNITRO,252.7646052132546,561.5918100834768,242.5
PC-MOPEC,105.47387038952695,441.7293084583437,29.374350065252298,13371.54241747824,576.577528913123,46.128931682655725,38.5,false,KNITRO,237.85752245619395,525.228286965264,209.55000000001417
PC-MOPEC,213.23426273344666,732.7279055047866,318.12126961060557,14102.872500008658,1264.083437848839,41.26928711518683,39.5,false,KNITRO,225.38855857608357,556.2500000000201,225.84999999999707
PC-MOPEC,185.26307197791823,760.7109904160367,318.12343748745275,14102.872499980036,1264.0974998814077,41.269531247839836,40.0,false,KNITRO,250.48948970169405,561.684571956832,254.49999999999892
PC-MOPEC,141.91166556220566,803.5985097395031,318.03888659739187,14102.872499922072,1263.5490618991007,41.2600097554994,41.0,false,KNITRO,238.1364743103521,586.4033289852458,225.8499996223498
PC-MOPEC,168.5353154595256,776.9808075722449,318.03997071616146,14102.872499991106,1263.556093747932,41.26013183574511,41.5,false,KNITRO,190.28921344396392,590.7672475470789,254.4999999999984
PC-MOPEC,173.3370252491027,772.1850465342415,318.0410549286327,14102.872499933552,1263.5631267119768,41.26025393614804,42.0,false,KNITRO,234.7830049159487,565.3236905288608,254.50000000000037
PC-MOPEC,171.47524664416736,774.0527689202856,318.0421380933641,14102.872499721781,1263.5701536578172,41.26037593263919,42.5,false,KNITRO,221.934696901469,566.799411716952,254.49999999999892
PC-MOPEC,178.6423859317398,766.8975263109555,318.0443066980531,14102.872500011723,1263.5842189407485,41.26062012024871,43.5,false,KNITRO,249.0693963673723,564.1183789961268,242.5
PC-MOPEC,191.44105265258722,754.1107581949414,318.0464754306715,14102.872500487116,1263.5982862782,41.26086434652185,44.5,false,KNITRO,254.74278183914407,559.330362271657,242.5
PC-MOPEC,181.03883237080086,764.5189216879505,318.0475586539734,14102.87250001754,1263.6053127127248,41.26098633158209,45.0,false,KNITRO,230.52695374729717,563.223299255574,254.4999999999988
PC-MOPEC,214.59941052636,730.964308882362,318.04864590118837,14102.87249997011,1263.6123653099103,41.26110877270687,45.5,false,KNITRO,229.11262569823884,566.3000000000324,253.52000000000484
PC-MOPEC,119.49937493845565,744.7604220275657,318.1691796331472,14021.122499425654,1182.4289765991684,41.27468242413778,46.0,false,KNITRO,207.33733693814764,609.2000009031557,242.5
PC-MOPEC,211.94175323136716,733.6397887239805,318.05189424880984,14102.872499852227,1263.6334362041575,41.26147458727027,47.0,false,KNITRO,218.1233684642703,556.2500000952552,225.84999999339885
PC-MOPEC,179.35871621073434,766.2287477835927,318.0529709744069,14102.87249667276,1263.6404349687339,41.261596108417045,47.5,false,KNITRO,238.86462948414731,563.8546863588842,242.5
PC-MOPEC,176.00534399862266,769.5879835949393,318.05403808479224,14102.872494809253,1263.6473656783542,41.26171629192527,48.0,false,KNITRO,229.83667760912672,571.9082061597296,242.5
PC-MOPEC,190.04388067541615,755.5614510858018,318.05623040746053,14102.872499958323,1263.6615621686785,41.261962884882315,49.0,false,KNITRO,245.14457633398908,559.8589526684287,242.5
PC-MOPEC,199.80913180869402,745.8021477296155,318.05731452933,14102.872500010162,1263.6685940676396,41.26208496621102,49.5,false,KNITRO,229.45591231177733,556.2500000000215,225.84999998932096
PC-MOPEC,174.53577824790983,771.0992855836286,318.0616489513337,14102.872499290801,1263.696712782872,41.26257314228182,51.5,false,KNITRO,256.48250621315407,554.6202293077175,232.22853185595568
PC-MOPEC,182.42450807519532,763.2165059433208,318.06273391489515,14102.872499753723,1263.7037479334113,41.26269527776389,52.0,false,KNITRO,252.6368393646803,567.9162653405624,254.18568148379933
PC-MOPEC,185.40967084730153,760.2432370916565,318.06490172602173,14102.87249970498,1263.7178096649798,41.262939405210126,53.0,false,KNITRO,271.75401045842545,561.5974370933297,242.5
PC-MOPEC,185.76296353937502,633.3958936349522,334.2659863202719,13962.87250001524,1153.4248434945991,43.13806151872752,53.5,false,KNITRO,249.30410240983394,586.3136736754896,260.89999999999543
PC-MOPEC,180.98507924490175,764.6856728307021,318.06815435111,14102.872500010742,1263.7389064267138,41.263305666879134,54.5,false,KNITRO,229.99778117873296,563.2540561623117,242.5
PC-MOPEC,173.51351136670075,772.1750230444485,318.0713901299105,14102.872507592085,1263.7599245410597,41.26367031483232,56.0,false,KNITRO,210.28513293623018,583.3170680253397,254.49999999999847
PC-MOPEC,194.28367576134985,751.4108651216827,318.0724901957723,14102.872499864563,1263.7670310788048,41.26379394315517,56.5,false,KNITRO,225.82582811019284,558.283042016566,237.84999998105695
PC-MOPEC,171.30197792792418,774.3984602320631,318.0735599275414,14102.872493762421,1263.7739980875288,41.263914925737566,57.0,false,KNITRO,226.33231657373094,571.8504777145897,254.4999913508288
PC-MOPEC,186.75427852097567,758.9521571625612,318.07465826047394,14102.872500011363,1263.781093944011,41.26403808905238,57.5,false,KNITRO,251.21579519222576,561.100022229155,242.5
PC-MOPEC,156.1115574929807,789.6008249237518,318.0757421096246,14102.8724999772,1263.788124526357,41.26416014771175,58.0,false,KNITRO,220.21984558664147,571.6638937629764,254.49999999999966
PC-MOPEC,175.79962465156535,769.9305999500885,318.0789941592792,14102.872499998582,1263.8092187609332,41.264526367160684,59.5,false,KNITRO,251.11305357831208,565.8496450219083,227.7489719242475
PC-MOPEC,162.41651921442406,783.3196528311682,318.08007819212423,14102.872500015663,1263.8162502377165,41.26464844135327,60.0,false,KNITRO,229.85399032808493,562.6219067556835,242.5
PC-MOPEC,165.11840143220195,780.623716533349,318.0811618064414,14102.872499837596,1263.8232797719925,41.26477048300623,60.5,false,KNITRO,236.8435161767992,603.4405839725807,251.7699999999985
PC-MOPEC,173.8573839894928,771.9025763626984,318.08441394552403,14102.872499957308,1263.8443742977151,41.265136706037374,62.0,false,KNITRO,244.84864955801297,575.7984499108425,242.5
PC-MOPEC,210.91411256041798,734.8517979508572,318.0854980044761,14102.8724994194,1263.8514085157512,41.26525883401441,62.5,false,KNITRO,253.25525370816706,556.2500000864594,244.2499999999985
PC-MOPEC,372.784762494137,4.028006145961469,3.7637025326310574,8983.580048765603,380.5764711727295,46.222518042204555,63.0,false,KNITRO,235.05227898702447,547.2048139587363,244.25000000000136
PC-MOPEC,194.0006483592666,751.7771403499007,318.08766153793187,14102.872497443506,1263.8654502470993,41.265502628143025,63.5,false,KNITRO,227.2007514302298,558.3983779369299,225.84999977083802
PC-MOPEC,183.45319767706388,762.3364997157739,318.0898340399715,14102.872500013396,1263.8795314328092,41.265747073183064,64.5,false,KNITRO,256.21736320682726,518.0926107764309,254.49999999999494
PC-MOPEC,197.72299532243727,748.0726493329192,318.090918017612,14102.872500002388,1263.8865626729685,41.265869143433314,65.0,false,KNITRO,246.26337867617286,557.008948471849,225.8499999999989
PC-MOPEC,190.2697315261276,755.5318604762442,318.09200202373665,14102.872500013696,1263.8935940261085,41.26599121550962,65.5,false,KNITRO,237.63401021543865,573.3270739929837,242.5
PC-MOPEC,179.77892247750017,766.0345639779309,318.0941699757333,14102.87250000962,1263.9076564311645,41.26623535444986,66.5,false,KNITRO,218.9911691427032,582.2386907691347,254.4999999999984
PC-MOPEC,162.93602713380977,782.8833982790695,318.095251582935,14102.872498884688,1263.9146769958143,41.266357246981016,67.0,false,KNITRO,229.6842181881812,561.770703482918,242.50000543966098
PC-MOPEC,165.59409955950676,780.2372278667051,318.0974216965676,14102.872499903604,1263.9287491227794,41.266601547602164,68.0,false,KNITRO,224.73522591625857,595.0573617946199,242.5
PC-MOPEC,160.80209474433585,839.2851505444454,177.89849930814898,14016.922496331888,1177.98574459693,41.266723018557116,68.5,false,KNITRO,242.65803469303296,500.9643336019476,214.50000063592842
PC-MOPEC,168.80746568561923,777.0357568027007,318.0995898148307,14102.872499973862,1263.9428123031507,41.2668456996544,69.0,false,KNITRO,217.87185396199945,567.82155398888,242.5
PC-MOPEC,219.17847967498574,726.670689390338,318.1006735979652,14102.87249987933,1263.949842663289,41.26696775496856,69.5,false,KNITRO,231.27568299308956,563.6973597248657,225.8499999999966
PC-MOPEC,183.5994288803419,762.2556851858175,318.1017569690811,14102.872499643017,1263.9568710352405,41.26708977609671,70.0,false,KNITRO,221.0743476560939,579.7031449550443,254.4999999999984
PC-MOPEC,179.76465100227477,766.0964135358234,318.10284184048334,14102.872500005773,1263.9639063785814,41.267211916067815,70.5,false,KNITRO,231.1016454767184,563.728050674445,242.5
PC-MOPEC,179.66370305833635,766.2092560980275,318.1050098221247,14102.872500008989,1263.9779689784884,41.26745605842821,71.5,false,KNITRO,220.5134195967756,577.7130059189963,254.4999999999984
PC-MOPEC,185.3891125658369,760.4897927443927,318.10609346835105,14102.872499830199,1263.9849987785806,41.26757810449072,72.0,false,KNITRO,227.72353842509733,578.1412059089029,254.4999999999984
PC-MOPEC,187.68961192070867,758.1952415583635,318.10717774071924,14102.87249998761,1263.9920312197914,41.267700194651624,72.5,false,KNITRO,245.6770625033475,560.768864979548,242.5
PC-MOPEC,181.64618551591457,764.2445712906382,318.1082510811403,14102.872495869779,1263.999007887693,41.26782134145081,73.0,false,KNITRO,227.78746131951402,563.0277177733108,242.5
PC-MOPEC,163.436362774818,782.4662674243139,318.11041170457514,14102.87249274792,1264.013041903707,41.268064990996194,74.0,false,KNITRO,250.38513716332312,583.3394823783943,242.5
PC-MOPEC,159.98411327488256,785.9245278518222,318.11151327045616,14102.872499808214,1264.020154397161,41.2681884450586,74.5,false,KNITRO,220.2188026989195,584.385293651716,254.4999999999984
PC-MOPEC,148.68014605775386,797.2344436852933,318.1125976501017,14102.87249998634,1264.0271873931488,41.26831054488719,75.0,false,KNITRO,220.3476161051252,575.5174471197761,230.74857252906926
PC-MOPEC,197.2899461337781,748.6305911133429,318.1136816919458,14102.872500003912,1264.034218939067,41.26843262024961,75.5,false,KNITRO,210.17464058661096,557.1856821292265,237.84999997822212
PC-MOPEC,-0.0001456515748125102,832.3310639879135,318.3120391459407,13988.549894053926,1150.6429574822794,41.29077437338784,76.0,false,KNITRO,217.87538615802515,609.2000000000435,242.5
PC-MOPEC,174.95878185339663,770.9736499619067,318.1158496706974,14102.872500007321,1264.0482814860009,41.26867676167939,76.5,false,KNITRO,228.19724750576916,547.7724036547339,254.4999999999966
PC-MOPEC,198.76825453206806,606.2044186587417,163.7574191384468,13820.809962502708,968.7300923292565,41.863421355154436,77.5,false,KNITRO,250.3551471002914,496.52409121883863,221.8804326352289
PC-MOPEC,172.13306225572333,773.817197360636,318.1190976958683,14102.872498271932,1264.0693573122276,41.26904266910586,78.0,false,KNITRO,243.30869473569578,566.5872612567492,242.5
PC-MOPEC,179.81796051370753,766.1382603732238,318.12018561469597,14102.872500013178,1264.0764065016274,41.26916504317269,78.5,false,KNITRO,225.44009117839937,563.7168995433101,242.5
PC-MOPEC,176.0262097035119,769.9359583914134,318.1212695874459,14102.872500012214,1264.0834376823711,41.26928711228411,79.0,false,KNITRO,209.33949414441767,575.4571669030324,254.4999999999984
PC-MOPEC,165.2810365608097,780.6870584630396,318.12234792795283,14102.872497494882,1264.0904429518023,41.2694087465706,79.5,false,KNITRO,214.75123920533602,569.1482613887041,242.5
PC-MOPEC,201.75139074817304,744.2226543155613,318.1234334210064,14102.87249849294,1264.0974784847408,41.2695308869652,80.0,false,KNITRO,220.1357390006256,556.2500000000185,225.8499999999966
PC-MOPEC,183.85796744120316,762.1219741879889,318.1245039580546,14102.87249364832,1264.1044455872468,41.269651840301876,80.5,false,KNITRO,219.9349788046968,573.2849790731582,254.4999999999984
PC-MOPEC,166.90362590094423,779.0823347559153,318.1256061161262,14102.872499944882,1264.1115667729857,41.269775464596336,81.0,false,KNITRO,217.534875536164,568.543437013674,254.49999999999892
PC-MOPEC,219.1975143143958,726.7943894733522,318.12668932281747,14102.872499926223,1264.1185931105656,41.269897449999576,81.5,false,KNITRO,223.35162388337483,563.6632186544284,225.84999999999548
PC-MOPEC,208.60396599152486,736.906209843722,318.03888673461495,14102.87249997787,1263.5490625698617,41.26000976676824,82.0,false,KNITRO,240.78816529266447,556.250000000037,225.84999999999883
PC-MOPEC,175.3299115400132,770.1832379930538,318.03942876517357,14102.872500011383,1263.5525782982406,41.26007080353522,82.5,false,KNITRO,224.3270807981909,574.5488831261039,242.5
PC-MOPEC,197.14414224531896,694.9720070681703,334.0399753153399,14042.872499762261,1226.1561246288293,43.76013237227662,83.0,false,KNITRO,207.42382440089688,568.3939716960417,237.84999995569643
PC-MOPEC,176.88256286563922,768.6365339126588,318.0405127427133,14102.87250000739,1263.5596095210112,41.26019287339896,83.5,false,KNITRO,254.03435209121008,572.3948923456423,242.5
PC-MOPEC,177.206094995632,768.3159752468955,318.04105469299645,14102.872500006924,1263.5631249355238,41.260253904732394,84.0,false,KNITRO,245.09250706534766,573.8830775828937,254.4999999999988
PC-MOPEC,217.15040785015768,728.3746363180555,318.04159661160435,14102.87249993597,1263.5666407798176,41.2603149440766,84.5,false,KNITRO,252.93628228279476,556.2500000678635,232.2499999999968
PC-MOPEC,177.7082470892002,767.8197659652265,318.04213764266484,14102.87249961404,1263.5701506970915,41.26037588011587,85.0,false,KNITRO,248.25623476107174,564.4668768485473,242.5
PC-MOPEC,161.33184598487048,784.1991414278153,318.0426796702443,14102.872499594756,1263.5736670829301,41.26043693026559,85.5,false,KNITRO,246.1688807160281,579.4224387574784,232.22853185595534
PC-MOPEC,163.21686156724843,782.3260285824631,318.0448494421363,14102.872499979843,1263.5877395918478,41.26068124280924,87.5,false,KNITRO,210.8638115129964,609.1696321926003,254.49999999999892
PC-MOPEC,4.966127508636772e-5,0.00033150063277843694,0.0001385157285029327,12699.42537148973,0.0005196776363677374,52.47009386855946,88.0,false,KNITRO,235.57894736842206,505.49950912960617,232.25000000000082
PC-MOPEC,178.36631697164086,767.1825161731867,318.04593267546295,14102.872500012252,1263.5947658202904,41.26080322579614,88.5,false,KNITRO,260.0065133604652,570.7098916915384,242.5
PC-MOPEC,180.7547161876658,764.7970901693758,318.046474549124,14102.87249996267,1263.5982809061657,41.26086425180417,89.0,false,KNITRO,235.98091198016306,563.3290508412118,254.4999999999984
PC-MOPEC,180.29217213672794,765.2655752816113,318.0475567682714,14102.87249916862,1263.6053041866107,41.26098618790135,90.0,false,KNITRO,250.50602204058208,563.502682797545,242.5
PC-MOPEC,181.23065160106955,764.3300759081999,318.0481005924445,14102.872499984307,1263.608828101714,41.26104736278504,90.5,false,KNITRO,242.24494673602032,570.6268592363277,242.5
PC-MOPEC,186.11841269258835,759.4452541311687,318.04863464027346,14102.872503739838,1263.6123014640305,41.2611077464169,91.0,false,KNITRO,236.8260467538479,561.3232360573804,254.49999999999966
PC-MOPEC,214.41708042369285,731.1494763227556,318.0491506136629,14102.87248510978,1263.6157073601114,41.26116686357341,91.5,false,KNITRO,217.87716593250266,556.2500062135604,225.84999884920504
PC-MOPEC,187.56091138448446,758.0117102004673,318.0502684341443,14102.872499928231,1263.622890019096,41.26129149359369,92.5,false,KNITRO,235.16858341443464,575.0542405518538,242.5
PC-MOPEC,181.64985448878878,763.9346612364893,318.05243628956265,14102.87249988173,1263.6369520148407,41.26153562563528,94.5,false,KNITRO,251.68544051400397,562.9972173646185,242.5
PC-MOPEC,185.77714076884843,759.8103519664951,318.05297886778794,14102.872499844503,1263.6404716031316,41.26159672974768,95.0,false,KNITRO,271.8980975081624,561.4533498538443,242.5
PC-MOPEC,196.9086992214568,748.681761691135,318.0535198029468,14102.872499927716,1263.6439807155386,41.26165765343343,95.5,false,KNITRO,216.61226572751937,557.289026943531,225.84999999999565
PC-MOPEC,244.33627739155702,625.8071602124925,334.05406241897947,14020.822499858987,1204.197500023029,43.76171875011517,96.0,false,KNITRO,182.17598165967638,601.4342085741296,242.5
PC-MOPEC,191.2162652909614,754.3801456540925,318.0546044581556,14102.8724999703,1263.6510154032094,41.26177978122224,96.5,false,KNITRO,280.54025301031504,574.2645928954379,260.90000000000725
PC-MOPEC,205.13038972035048,740.4689952356425,318.0551465547658,14102.872500015255,1263.6545315107587,41.261840824567884,97.0,false,KNITRO,222.21853433039632,556.249999997059,225.84999999999818
PC-MOPEC,201.54459918600537,744.0577595551154,318.0556885713565,14102.872500011264,1263.6580473124773,41.26190186281083,97.5,false,KNITRO,227.16189050938414,556.2499999943965,225.8499999920482
PC-MOPEC,195.31571767744055,750.2925666841622,318.0567646884359,14102.872499730565,1263.6650490500388,41.26202347032931,98.5,false,KNITRO,247.4342193003608,557.8870786124272,225.84999999999883
PC-MOPEC,186.7202245962994,758.8910542822803,318.057314355529,14102.872499945843,1263.6685932341088,41.262084952044155,99.0,false,KNITRO,236.46102830362818,561.1029615495694,242.5
PC-MOPEC,208.03185611605687,737.5853520347109,318.0583937418094,14102.872498196855,1263.675601892577,41.26220663229391,100.0,false,KNITRO,219.37757593568256,556.2500005503988,237.8499999999974
